0,1,2,3,4,5,6,7,8,9,10,11
"{'image': 'C_1_M04_OC_DGG_P+_151123_1.tif', 'label': 1, 'volume': 88235.0, 'centroid': (9.921890406301355, 206.74162180540603, 183.3562418541395), 'extent': 0.27859695875116824, 'axis_major': 96.7960807095684, 'bbox': (0, 145, 128, 22, 267, 246)}",,,,,,,,,,,
"{'image': 'C_2_M04_OC_CA1_P+_161123_1.tif', 'label': 1, 'volume': 261857.0, 'centroid': (8.272018697227876, 211.29730730895108, 221.74965343679946), 'extent': 0.3372264334154967, 'axis_major': 207.3675465910615, 'bbox': (0, 124, 115, 18, 303, 356)}",,,,,,,,,,,
"{'image': 'B_4_M04_OC_L1_P+_131123_1.tif', 'label': 1, 'volume': 185031.0, 'centroid': (3.0093389756311106, 229.77962611670478, 207.887164853457), 'extent': 0.2635769230769231, 'axis_major': 235.5890675242295, 'bbox': (0, 113, 75, 12, 338, 335)}","{'image': 'B_4_M04_OC_L1_P+_131123_1.tif', 'label': 2, 'volume': 154.0, 'centroid': (17.0, 204.87012987012986, 10.96103896103896), 'extent': 0.4583333333333333, 'axis_major': 24.869316256173615, 'bbox': (17, 195, 4, 18, 216, 20)}","{'image': 'B_4_M04_OC_L1_P+_131123_1.tif', 'label': 3, 'volume': 1730.0, 'centroid': (18.0, 330.9913294797688, 205.26820809248554), 'extent': 0.42112950340798444, 'axis_major': 90.27555184800772, 'bbox': (18, 304, 168, 19, 356, 247)}","{'image': 'B_4_M04_OC_L1_P+_131123_1.tif', 'label': 4, 'volume': 198786.0, 'centroid': (23.135985431569626, 211.4759691326351, 208.28368194943306), 'extent': 0.4112859176377119, 'axis_major': 223.69941181658683, 'bbox': (19, 96, 84, 27, 332, 340)}",,,,,,,,
"{'image': 'F_3_M04_OC_L23_P+_231123_1.tif', 'label': 1, 'volume': 559677.0, 'centroid': (12.491646074432218, 197.2815659746604, 218.43308729856685), 'extent': 0.2963888535841383, 'axis_major': 239.69821694228494, 'bbox': (0, 89, 76, 28, 329, 357)}",,,,,,,,,,,
"{'image': 'A_4_M04_OC_P+_CA1_011123_1.tif', 'label': 1, 'volume': 47078.0, 'centroid': (1.608691958027104, 229.82257105229618, 197.43355707549173), 'extent': 0.42385119562085855, 'axis_major': 165.19054096691647, 'bbox': (0, 146, 102, 4, 302, 280)}","{'image': 'A_4_M04_OC_P+_CA1_011123_1.tif', 'label': 2, 'volume': 2014.0, 'centroid': (0.0, 381.31231380337636, 224.69165839126117), 'extent': 0.3917525773195876, 'axis_major': 111.37896221881479, 'bbox': (0, 355, 182, 1, 408, 279)}","{'image': 'A_4_M04_OC_P+_CA1_011123_1.tif', 'label': 3, 'volume': 103801.0, 'centroid': (11.362713268658299, 216.62279746823248, 187.11135730869645), 'extent': 0.17314595496246873, 'axis_major': 211.14920650101814, 'bbox': (7, 87, 30, 17, 305, 305)}","{'image': 'A_4_M04_OC_P+_CA1_011123_1.tif', 'label': 4, 'volume': 2824.0, 'centroid': (8.0, 336.60198300283287, 342.8006373937677), 'extent': 0.3901630284609008, 'axis_major': 110.62400775715986, 'bbox': (8, 294, 295, 9, 371, 389)}",,,,,,,,
"{'image': 'C_1_M04_OC_L1_P+_151123_1.tif', 'label': 1, 'volume': 103393.0, 'centroid': (2.5937829446867777, 129.91804087317323, 208.0106100026114), 'extent': 0.1777831655111698, 'axis_major': 215.38464237894328, 'bbox': (0, 36, 89, 12, 244, 322)}","{'image': 'C_1_M04_OC_L1_P+_151123_1.tif', 'label': 2, 'volume': 35.0, 'centroid': (9.0, 346.42857142857144, 185.4857142857143), 'extent': 0.5555555555555556, 'axis_major': 10.397225698730757, 'bbox': (9, 343, 182, 10, 352, 189)}","{'image': 'C_1_M04_OC_L1_P+_151123_1.tif', 'label': 3, 'volume': 12.0, 'centroid': (10.0, 52.333333333333336, 109.08333333333333), 'extent': 0.6, 'axis_major': 5.431937050298326, 'bbox': (10, 51, 107, 11, 55, 112)}","{'image': 'C_1_M04_OC_L1_P+_151123_1.tif', 'label': 4, 'volume': 6.0, 'centroid': (12.0, 208.0, 309.5), 'extent': 1.0, 'axis_major': 3.651483716701107, 'bbox': (12, 207, 309, 13, 210, 311)}","{'image': 'C_1_M04_OC_L1_P+_151123_1.tif', 'label': 5, 'volume': 5.0, 'centroid': (13.0, 213.0, 360.8), 'extent': 0.5555555555555556, 'axis_major': 3.729360782454227, 'bbox': (13, 212, 360, 14, 215, 363)}","{'image': 'C_1_M04_OC_L1_P+_151123_1.tif', 'label': 6, 'volume': 4.0, 'centroid': (14.0, 257.5, 325.5), 'extent': 1.0, 'axis_major': 2.23606797749979, 'bbox': (14, 257, 325, 15, 259, 327)}","{'image': 'C_1_M04_OC_L1_P+_151123_1.tif', 'label': 7, 'volume': 7.0, 'centroid': (15.0, 350.2857142857143, 199.85714285714286), 'extent': 0.7777777777777778, 'axis_major': 4.004876116761533, 'bbox': (15, 349, 199, 16, 352, 202)}","{'image': 'C_1_M04_OC_L1_P+_151123_1.tif', 'label': 8, 'volume': 3.0, 'centroid': (16.0, 350.3333333333333, 190.66666666666666), 'extent': 0.75, 'axis_major': 2.5819888974716116, 'bbox': (16, 350, 190, 17, 352, 192)}","{'image': 'C_1_M04_OC_L1_P+_151123_1.tif', 'label': 9, 'volume': 3.0, 'centroid': (17.0, 155.33333333333334, 93.66666666666667), 'extent': 0.75, 'axis_major': 2.5819888974716116, 'bbox': (17, 155, 93, 18, 157, 95)}","{'image': 'C_1_M04_OC_L1_P+_151123_1.tif', 'label': 10, 'volume': 4.0, 'centroid': (18.0, 381.75, 122.0), 'extent': 0.6666666666666666, 'axis_major': 3.1622776601683795, 'bbox': (18, 381, 121, 19, 383, 124)}","{'image': 'C_1_M04_OC_L1_P+_151123_1.tif', 'label': 11, 'volume': 3.0, 'centroid': (19.0, 58.666666666666664, 31.666666666666668), 'extent': 0.75, 'axis_major': 2.5819888974716116, 'bbox': (19, 58, 31, 20, 60, 33)}","{'image': 'C_1_M04_OC_L1_P+_151123_1.tif', 'label': 12, 'volume': 231832.0, 'centroid': (23.9503994271714, 136.21725646157563, 206.99703233375894), 'extent': 0.4804210875331565, 'axis_major': 230.4269030646824, 'bbox': (20, 18, 85, 28, 278, 317)}"
"{'image': 'B_3_M04_OC_DGG_P+_131123_1.tif', 'label': 1, 'volume': 288769.0, 'centroid': (13.135430049624441, 181.089545622972, 196.6834424747809), 'extent': 0.21622376470412052, 'axis_major': 194.1016670726627, 'bbox': (0, 77, 82, 30, 286, 295)}","{'image': 'B_3_M04_OC_DGG_P+_131123_1.tif', 'label': 2, 'volume': 46.0, 'centroid': (0.0, 302.0, 160.5), 'extent': 0.6388888888888888, 'axis_major': 11.233198657744978, 'bbox': (0, 298, 157, 1, 307, 165)}",,,,,,,,,,
"{'image': 'B_3_M04_OC_L23_P+_061123_1.tif', 'label': 1, 'volume': 970028.0, 'centroid': (12.274557023096241, 215.48466848379636, 230.52378488043644), 'extent': 0.25502596983313897, 'axis_major': 323.0174917611041, 'bbox': (0, 12, 22, 26, 391, 408)}","{'image': 'B_3_M04_OC_L23_P+_061123_1.tif', 'label': 2, 'volume': 86330.0, 'centroid': (31.014189737055485, 215.70910459863316, 227.04658867137726), 'extent': 0.5918932631261399, 'axis_major': 240.05968326824654, 'bbox': (30, 104, 114, 33, 326, 333)}",,,,,,,,,,
"{'image': 'B_4_M04_OC_DGG_P+_151123_1.tif', 'label': 1, 'volume': 1391262.0, 'centroid': (15.65110381797246, 218.1581815646514, 210.6051613570988), 'extent': 0.24980836967980094, 'axis_major': 310.3659959046735, 'bbox': (0, 57, 37, 43, 408, 406)}",,,,,,,,,,,
"{'image': 'A_4_M04_OC_P+_CA1_011123_2.tif', 'label': 1, 'volume': 640004.0, 'centroid': (7.819780813869913, 180.99902344360348, 241.42607233704788), 'extent': 0.30300120820976645, 'axis_major': 326.6120659312551, 'bbox': (0, 0, 74, 17, 372, 408)}","{'image': 'A_4_M04_OC_P+_CA1_011123_2.tif', 'label': 2, 'volume': 49300.0, 'centroid': (23.0, 174.21123732251522, 256.7171805273834), 'extent': 0.5944916071773104, 'axis_major': 329.8438428719138, 'bbox': (23, 41, 100, 24, 333, 384)}",,,,,,,,,,
"{'image': 'D_3_M04_OC_DGM_P+_221123_1.tif', 'label': 1, 'volume': 336278.0, 'centroid': (14.968579568095445, 211.68281302969567, 175.61652858646715), 'extent': 0.2255863751137062, 'axis_major': 231.6372732335194, 'bbox': (0, 106, 22, 26, 324, 285)}",,,,,,,,,,,
"{'image': 'B_1_M04_OC_DGG_P+_021123_1.tif', 'label': 1, 'volume': 474385.0, 'centroid': (13.54882848319403, 222.20365525891418, 192.6163074296194), 'extent': 0.2533336537485915, 'axis_major': 184.1498733386578, 'bbox': (0, 125, 43, 30, 366, 302)}","{'image': 'B_1_M04_OC_DGG_P+_021123_1.tif', 'label': 2, 'volume': 3650.0, 'centroid': (22.0, 194.82739726027398, 92.12547945205479), 'extent': 0.5075083426028921, 'axis_major': 115.69048768464208, 'bbox': (22, 136, 64, 23, 252, 126)}","{'image': 'B_1_M04_OC_DGG_P+_021123_1.tif', 'label': 3, 'volume': 17731.0, 'centroid': (31.50843156054368, 365.9091421803621, 147.3061869042919), 'extent': 0.4245929118773946, 'axis_major': 91.91283818274363, 'bbox': (30, 321, 101, 35, 408, 197)}","{'image': 'B_1_M04_OC_DGG_P+_021123_1.tif', 'label': 4, 'volume': 67366.0, 'centroid': (37.56657661134697, 206.34040910845235, 126.18552385476353), 'extent': 0.16319282945736435, 'axis_major': 261.96277838654134, 'bbox': (33, 113, 40, 41, 313, 298)}",,,,,,,,
"{'image': 'F_1_M04_OC_L4_P+_231123_1.tif', 'label': 1, 'volume': 35.0, 'centroid': (0.0, 120.94285714285714, 165.88571428571427), 'extent': 0.5555555555555556, 'axis_major': 9.984327715486623, 'bbox': (0, 118, 162, 1, 125, 171)}","{'image': 'F_1_M04_OC_L4_P+_231123_1.tif', 'label': 2, 'volume': 362007.0, 'centroid': (10.559099685917676, 217.01014345026476, 198.35892952346225), 'extent': 0.23488218485519338, 'axis_major': 206.6160224734631, 'bbox': (0, 107, 97, 26, 384, 311)}",,,,,,,,,,
"{'image': 'C_2_M04_OC_L23_P+_161123_2.tif', 'label': 1, 'volume': 128116.0, 'centroid': (0.5, 243.56790720909177, 202.29609104249275), 'extent': 0.4617791234140715, 'axis_major': 434.19345624047867, 'bbox': (0, 65, 0, 2, 405, 408)}","{'image': 'C_2_M04_OC_L23_P+_161123_2.tif', 'label': 2, 'volume': 236735.0, 'centroid': (11.585435191247598, 214.67496567892368, 221.31738019304285), 'extent': 0.2946224113898845, 'axis_major': 271.9076629092182, 'bbox': (6, 82, 93, 15, 370, 403)}",,,,,,,,,,
"{'image': 'F_1_M04_OC_L4_P+_231123_2.tif', 'label': 1, 'volume': 58166.0, 'centroid': (5.949575353299179, 206.08118144620568, 188.3102155898635), 'extent': 0.2693743342749965, 'axis_major': 119.73344897216458, 'bbox': (0, 142, 128, 11, 293, 258)}",,,,,,,,,,,
"{'image': 'C_2_M04_OC_L23_P+_161123_1.tif', 'label': 1, 'volume': 258452.0, 'centroid': (2.9912440221008154, 217.48607091452183, 188.01013340968535), 'extent': 0.2234916484208269, 'axis_major': 320.8584482495798, 'bbox': (0, 94, 19, 13, 346, 372)}","{'image': 'C_2_M04_OC_L23_P+_161123_1.tif', 'label': 2, 'volume': 61.0, 'centroid': (13.0, 372.0163934426229, 32.73770491803279), 'extent': 0.46923076923076923, 'axis_major': 14.084879238458097, 'bbox': (13, 367, 26, 14, 377, 39)}","{'image': 'C_2_M04_OC_L23_P+_161123_1.tif', 'label': 3, 'volume': 49.0, 'centroid': (14.0, 195.9387755102041, 97.38775510204081), 'extent': 0.5444444444444444, 'axis_major': 12.344628997644383, 'bbox': (14, 191, 94, 15, 201, 103)}","{'image': 'C_2_M04_OC_L23_P+_161123_1.tif', 'label': 4, 'volume': 30.0, 'centroid': (15.0, 358.8666666666667, 5.666666666666667), 'extent': 0.45454545454545453, 'axis_major': 12.071169409452983, 'bbox': (15, 356, 0, 16, 362, 11)}","{'image': 'C_2_M04_OC_L23_P+_161123_1.tif', 'label': 5, 'volume': 241171.0, 'centroid': (20.58269443672747, 216.85934046796672, 187.8050885056661), 'extent': 0.3508737982727717, 'axis_major': 307.85527471497295, 'bbox': (16, 79, 27, 24, 345, 350)}",,,,,,,
"{'image': 'B_1_M04_OC_CA1_P+_021123_1.tif', 'label': 1, 'volume': 675978.0, 'centroid': (7.2112317264763055, 207.33224010248856, 238.61102136460062), 'extent': 0.24606832986605948, 'axis_major': 426.88400793785127, 'bbox': (0, 3, 85, 21, 408, 408)}","{'image': 'B_1_M04_OC_CA1_P+_021123_1.tif', 'label': 2, 'volume': 105239.0, 'centroid': (26.542793071009797, 245.8966637843385, 254.69368770132746), 'extent': 0.15366408513223062, 'axis_major': 363.1475734621679, 'bbox': (21, 62, 108, 29, 390, 369)}",,,,,,,,,,
"{'image': 'D_4_M04_OC_L1_P+_221123_1.tif', 'label': 1, 'volume': 127842.0, 'centroid': (3.780979646751459, 205.01776411507956, 185.8824251810829), 'extent': 0.4093694963015146, 'axis_major': 163.75489116977818, 'bbox': (0, 119, 107, 11, 289, 274)}","{'image': 'D_4_M04_OC_L1_P+_221123_1.tif', 'label': 2, 'volume': 16.0, 'centroid': (0.0, 206.4375, 56.1875), 'extent': 0.5714285714285714, 'axis_major': 7.984359711335656, 'bbox': (0, 205, 53, 1, 209, 60)}","{'image': 'D_4_M04_OC_L1_P+_221123_1.tif', 'label': 3, 'volume': 38.0, 'centroid': (11.0, 207.42105263157896, 57.05263157894737), 'extent': 0.5428571428571428, 'axis_major': 12.050294524461373, 'bbox': (11, 205, 52, 12, 212, 62)}","{'image': 'D_4_M04_OC_L1_P+_221123_1.tif', 'label': 4, 'volume': 13.0, 'centroid': (12.0, 248.3846153846154, 63.23076923076923), 'extent': 0.5416666666666666, 'axis_major': 6.841873408173655, 'bbox': (12, 246, 62, 13, 252, 66)}","{'image': 'D_4_M04_OC_L1_P+_221123_1.tif', 'label': 5, 'volume': 41.0, 'centroid': (13.0, 210.46341463414635, 85.07317073170732), 'extent': 0.37272727272727274, 'axis_major': 12.19569078438269, 'bbox': (13, 207, 81, 14, 217, 92)}","{'image': 'D_4_M04_OC_L1_P+_221123_1.tif', 'label': 6, 'volume': 35.0, 'centroid': (14.0, 199.31428571428572, 390.65714285714284), 'extent': 0.5555555555555556, 'axis_major': 10.048238219695131, 'bbox': (14, 195, 388, 15, 204, 395)}","{'image': 'D_4_M04_OC_L1_P+_221123_1.tif', 'label': 7, 'volume': 24563.0, 'centroid': (18.24744534462403, 207.4141595082034, 182.09693441354884), 'extent': 0.199375, 'axis_major': 137.89001686581946, 'bbox': (15, 129, 107, 20, 289, 261)}",,,,,
"{'image': 'C_1_M04_OC_L23_P+_151123_2.tif', 'label': 1, 'volume': 923304.0, 'centroid': (20.044814059074803, 162.00225277914967, 196.68893993744206), 'extent': 0.212686255155598, 'axis_major': 276.95727156735273, 'bbox': (0, 0, 31, 35, 329, 408)}",,,,,,,,,,,
"{'image': 'D_4_M04_OC_L1_P+_221123_2.tif', 'label': 1, 'volume': 132419.0, 'centroid': (4.993120322612314, 174.99784774088312, 226.28163632107174), 'extent': 0.19625218047274576, 'axis_major': 245.0904306277556, 'bbox': (0, 75, 124, 13, 294, 361)}","{'image': 'D_4_M04_OC_L1_P+_221123_2.tif', 'label': 2, 'volume': 1722.0, 'centroid': (0.0, 381.7566782810685, 240.57084785133566), 'extent': 0.4299625468164794, 'axis_major': 100.83546506034625, 'bbox': (0, 363, 193, 1, 408, 282)}","{'image': 'D_4_M04_OC_L1_P+_221123_2.tif', 'label': 3, 'volume': 8113.0, 'centroid': (13.619869345494886, 381.19635153457415, 247.2843584370763), 'extent': 0.39193236714975843, 'axis_major': 75.9160415607373, 'bbox': (11, 358, 208, 17, 408, 277)}","{'image': 'D_4_M04_OC_L1_P+_221123_2.tif', 'label': 4, 'volume': 9945.0, 'centroid': (16.807642031171444, 183.25711412770235, 164.17063851181499), 'extent': 0.26522829101770856, 'axis_major': 84.9758739251771, 'bbox': (15, 110, 126, 19, 219, 212)}","{'image': 'D_4_M04_OC_L1_P+_221123_2.tif', 'label': 5, 'volume': 3607.0, 'centroid': (20.0, 120.18186858885501, 292.46853340726364), 'extent': 0.4715032679738562, 'axis_major': 98.58506256195943, 'bbox': (20, 82, 242, 21, 167, 332)}",,,,,,,
"{'image': 'F_2_M04_OC_CA1_P+_231123_1.tif', 'label': 1, 'volume': 1343.0, 'centroid': (0.0, 18.160833953834697, 204.46612062546538), 'extent': 0.4398951850638716, 'axis_major': 85.58903632983609, 'bbox': (0, 0, 169, 1, 43, 240)}","{'image': 'F_2_M04_OC_CA1_P+_231123_1.tif', 'label': 2, 'volume': 245467.0, 'centroid': (12.209209384560857, 186.4927179620886, 228.13940774116276), 'extent': 0.20339040630520452, 'axis_major': 235.47737675337703, 'bbox': (0, 75, 119, 22, 321, 342)}","{'image': 'F_2_M04_OC_CA1_P+_231123_1.tif', 'label': 3, 'volume': 1410.0, 'centroid': (11.0, 17.745390070921985, 203.9482269503546), 'extent': 0.43304668304668303, 'axis_major': 83.25180791698389, 'bbox': (11, 0, 167, 12, 44, 241)}","{'image': 'F_2_M04_OC_CA1_P+_231123_1.tif', 'label': 4, 'volume': 3279.0, 'centroid': (23.284232997865203, 18.125953034461727, 194.96889295516925), 'extent': 0.40561603166749133, 'axis_major': 86.84766525521684, 'bbox': (23, 0, 149, 25, 47, 235)}","{'image': 'F_2_M04_OC_CA1_P+_231123_1.tif', 'label': 5, 'volume': 51367.0, 'centroid': (27.853933459224795, 194.3043977651021, 235.70665991784608), 'extent': 0.24093339587242027, 'axis_major': 264.165681016661, 'bbox': (25, 71, 126, 30, 279, 331)}",,,,,,,
"{'image': 'C_2_M04_OC_DGG_P+_161123_1.tif', 'label': 1, 'volume': 1208.0, 'centroid': (0.0, 153.30132450331126, 237.3087748344371), 'extent': 0.5202411714039621, 'axis_major': 59.49585946024374, 'bbox': (0, 125, 214, 1, 179, 257)}","{'image': 'C_2_M04_OC_DGG_P+_161123_1.tif', 'label': 2, 'volume': 243265.0, 'centroid': (12.238456004768462, 202.96406388095286, 169.21269397570552), 'extent': 0.2818983189119222, 'axis_major': 416.45681166912493, 'bbox': (9, 25, 0, 16, 352, 377)}","{'image': 'C_2_M04_OC_DGG_P+_161123_1.tif', 'label': 3, 'volume': 114361.0, 'centroid': (25.36917305724854, 162.8783413926076, 220.17589912645045), 'extent': 0.1783671655060009, 'axis_major': 371.6734483596528, 'bbox': (22, 0, 11, 27, 323, 408)}","{'image': 'C_2_M04_OC_DGG_P+_161123_1.tif', 'label': 4, 'volume': 230937.0, 'centroid': (34.68830460255394, 152.4031402503713, 206.5899271229816), 'extent': 0.4229181622397703, 'axis_major': 400.3364133606574, 'bbox': (33, 0, 10, 37, 343, 408)}","{'image': 'C_2_M04_OC_DGG_P+_161123_1.tif', 'label': 5, 'volume': 348461.0, 'centroid': (43.03326914633202, 150.10460568040614, 193.2328868940857), 'extent': 0.4936827042955911, 'axis_major': 416.7680860294912, 'bbox': (41, 0, 0, 46, 346, 408)}",,,,,,,
"{'image': 'B_1_M04_OC_L4_P+_021123_1.tif', 'label': 1, 'volume': 337521.0, 'centroid': (9.219349314561168, 178.5397619703663, 197.18804755852227), 'extent': 0.21986906390463162, 'axis_major': 239.51109934803756, 'bbox': (0, 38, 65, 20, 293, 366)}",,,,,,,,,,,
"{'image': 'B_3_M04_OC_L1_P+_061123_2.tif', 'label': 1, 'volume': 1504.0, 'centroid': (0.0, 95.95678191489361, 137.5152925531915), 'extent': 0.3540489642184557, 'axis_major': 88.3135140938414, 'bbox': (0, 69, 98, 1, 128, 170)}","{'image': 'B_3_M04_OC_L1_P+_061123_2.tif', 'label': 2, 'volume': 101938.0, 'centroid': (8.220084757401558, 215.58543428358414, 196.3155643626518), 'extent': 0.22820850347446092, 'axis_major': 121.10094032658256, 'bbox': (0, 154, 130, 24, 295, 262)}","{'image': 'B_3_M04_OC_L1_P+_061123_2.tif', 'label': 3, 'volume': 12628.0, 'centroid': (6.0, 299.9766392144441, 34.36474501108648), 'extent': 0.5729322626015153, 'axis_major': 297.86689844284433, 'bbox': (6, 171, 0, 7, 408, 93)}","{'image': 'B_3_M04_OC_L1_P+_061123_2.tif', 'label': 4, 'volume': 978.0, 'centroid': (11.0, 104.14314928425358, 146.02044989775052), 'extent': 0.4427342688999547, 'axis_major': 60.35034631183195, 'bbox': (11, 79, 123, 12, 126, 170)}","{'image': 'B_3_M04_OC_L1_P+_061123_2.tif', 'label': 5, 'volume': 2173.0, 'centroid': (16.317073170731707, 117.78831109065807, 143.38518177634606), 'extent': 0.40723388305847075, 'axis_major': 60.65473123041136, 'bbox': (16, 92, 120, 18, 150, 166)}",,,,,,,
"{'image': 'C_2_M04_OC_L1_P+_161123_3.tif', 'label': 1, 'volume': 280388.0, 'centroid': (7.0222762743056055, 185.81376164457822, 203.7531848723911), 'extent': 0.24735388822725068, 'axis_major': 194.43552445836553, 'bbox': (0, 72, 87, 22, 301, 312)}","{'image': 'C_2_M04_OC_L1_P+_161123_3.tif', 'label': 2, 'volume': 37.0, 'centroid': (16.0, 106.48648648648648, 144.32432432432432), 'extent': 0.5138888888888888, 'axis_major': 11.299934471294764, 'bbox': (16, 103, 141, 17, 112, 149)}",,,,,,,,,,
"{'image': 'C_1_M04_OC_CA1_P+_151123_1.tif', 'label': 1, 'volume': 141263.0, 'centroid': (8.410199415275054, 148.79468084353297, 223.24436689012694), 'extent': 0.23756693305349263, 'axis_major': 168.28228152735204, 'bbox': (0, 40, 149, 19, 232, 312)}",,,,,,,,,,,
"{'image': 'B_3_M04_OC_CA1_P+_131123_1.tif', 'label': 1, 'volume': 156654.0, 'centroid': (9.550780701418413, 178.3808201514165, 198.03993514369247), 'extent': 0.27862082212831346, 'axis_major': 155.82181614057217, 'bbox': (0, 106, 74, 19, 243, 290)}","{'image': 'B_3_M04_OC_CA1_P+_131123_1.tif', 'label': 2, 'volume': 58.0, 'centroid': (6.0, 22.120689655172413, 291.37931034482756), 'extent': 0.6590909090909091, 'axis_major': 12.508943380442513, 'bbox': (6, 17, 288, 7, 28, 296)}",,,,,,,,,,
"{'image': 'C_2_M04_OC_L1_P+_161123_2.tif', 'label': 1, 'volume': 192.0, 'centroid': (0.5, 136.625, 250.0625), 'extent': 0.4897959183673469, 'axis_major': 16.261486428972805, 'bbox': (0, 131, 245, 2, 145, 259)}","{'image': 'C_2_M04_OC_L1_P+_161123_2.tif', 'label': 2, 'volume': 265.0, 'centroid': (0.0, 156.8377358490566, 258.44528301886794), 'extent': 0.48534798534798534, 'axis_major': 30.10628162009978, 'bbox': (0, 145, 245, 1, 166, 271)}","{'image': 'C_2_M04_OC_L1_P+_161123_2.tif', 'label': 3, 'volume': 102.0, 'centroid': (2.0, 50.8235294117647, 177.94117647058823), 'extent': 0.6181818181818182, 'axis_major': 17.304867320944652, 'bbox': (2, 44, 173, 3, 59, 184)}","{'image': 'C_2_M04_OC_L1_P+_161123_2.tif', 'label': 4, 'volume': 286.0, 'centroid': (4.13986013986014, 126.57692307692308, 7.174825174825175), 'extent': 0.23027375201288244, 'axis_major': 23.142269548522087, 'bbox': (3, 118, 0, 6, 141, 18)}","{'image': 'C_2_M04_OC_L1_P+_161123_2.tif', 'label': 5, 'volume': 49.0, 'centroid': (6.0, 125.24489795918367, 25.20408163265306), 'extent': 0.5444444444444444, 'axis_major': 10.506334195407744, 'bbox': (6, 120, 21, 7, 130, 30)}","{'image': 'C_2_M04_OC_L1_P+_161123_2.tif', 'label': 6, 'volume': 37.0, 'centroid': (7.0, 112.02702702702703, 12.54054054054054), 'extent': 0.6727272727272727, 'axis_major': 12.111837005172505, 'bbox': (7, 110, 7, 8, 115, 18)}","{'image': 'C_2_M04_OC_L1_P+_161123_2.tif', 'label': 7, 'volume': 140.0, 'centroid': (8.471428571428572, 106.37857142857143, 21.37142857142857), 'extent': 0.3111111111111111, 'axis_major': 15.501311815325035, 'bbox': (8, 100, 15, 10, 115, 30)}","{'image': 'C_2_M04_OC_L1_P+_161123_2.tif', 'label': 8, 'volume': 23.0, 'centroid': (10.0, 97.65217391304348, 26.73913043478261), 'extent': 0.575, 'axis_major': 11.137007135729412, 'bbox': (10, 96, 22, 11, 100, 32)}","{'image': 'C_2_M04_OC_L1_P+_161123_2.tif', 'label': 9, 'volume': 797.0, 'centroid': (11.0, 157.9146800501882, 250.36260978670012), 'extent': 0.49288806431663573, 'axis_major': 59.94245910782152, 'bbox': (11, 140, 224, 12, 173, 273)}","{'image': 'C_2_M04_OC_L1_P+_161123_2.tif', 'label': 10, 'volume': 92.0, 'centroid': (13.108695652173912, 262.2282608695652, 117.90217391304348), 'extent': 0.48677248677248675, 'axis_major': 8.401170866334665, 'bbox': (12, 258, 115, 15, 267, 122)}","{'image': 'C_2_M04_OC_L1_P+_161123_2.tif', 'label': 11, 'volume': 141.0, 'centroid': (16.80141843971631, 221.9787234042553, 192.60283687943263), 'extent': 0.3263888888888889, 'axis_major': 11.238261813945332, 'bbox': (15, 218, 187, 19, 227, 199)}","{'image': 'C_2_M04_OC_L1_P+_161123_2.tif', 'label': 12, 'volume': 66230.0, 'centroid': (22.214011777140268, 151.48108108108107, 244.0013136041069), 'extent': 0.29476429537848037, 'axis_major': 191.4309044161435, 'bbox': (19, 76, 165, 27, 227, 351)}"
"{'image': 'D_3_M04_OC_L1_P+_221123_2.tif', 'label': 1, 'volume': 362910.0, 'centroid': (7.233553773662892, 196.32704527293268, 187.85739439530462), 'extent': 0.19385099577588472, 'axis_major': 254.5488189637107, 'bbox': (0, 44, 0, 19, 350, 322)}",,,,,,,,,,,
"{'image': 'B_1_M04_OC_L23_P+_021123_2.tif', 'label': 1, 'volume': 10778.0, 'centroid': (0.5, 163.9289293004268, 35.3980330302468), 'extent': 0.6505311443746982, 'axis_major': 106.77057312485623, 'bbox': (0, 108, 0, 2, 217, 76)}","{'image': 'B_1_M04_OC_L23_P+_021123_2.tif', 'label': 2, 'volume': 104505.0, 'centroid': (6.903707956557103, 188.05981531984116, 227.9887469499067), 'extent': 0.2282765399737877, 'axis_major': 174.79514194429404, 'bbox': (2, 109, 123, 16, 259, 341)}","{'image': 'B_1_M04_OC_L23_P+_021123_2.tif', 'label': 3, 'volume': 17492.0, 'centroid': (21.556425794648984, 159.93842899611252, 33.294763320375026), 'extent': 0.3869911504424779, 'axis_major': 94.93300462776774, 'bbox': (19, 107, 0, 24, 220, 80)}",,,,,,,,,
"{'image': 'B_2_M04_OC_L1_P+_031123_1.tif', 'label': 1, 'volume': 82.0, 'centroid': (0.0, 233.9390243902439, 203.70731707317074), 'extent': 0.4270833333333333, 'axis_major': 16.055242586341148, 'bbox': (0, 226, 197, 1, 242, 209)}","{'image': 'B_2_M04_OC_L1_P+_031123_1.tif', 'label': 2, 'volume': 34037.0, 'centroid': (12.995181714017098, 233.3318741369686, 207.01565942944444), 'extent': 0.13710775427995972, 'axis_major': 306.53069820033346, 'bbox': (11, 134, 50, 14, 384, 381)}","{'image': 'B_2_M04_OC_L1_P+_031123_1.tif', 'label': 3, 'volume': 6662.0, 'centroid': (18.0, 223.89222455719002, 192.60927649354548), 'extent': 0.5207942464040025, 'axis_major': 116.06257929636722, 'bbox': (18, 176, 137, 19, 280, 260)}","{'image': 'B_2_M04_OC_L1_P+_031123_1.tif', 'label': 4, 'volume': 199.0, 'centroid': (22.0, 263.3467336683417, 187.47236180904522), 'extent': 0.4738095238095238, 'axis_major': 26.931223064607664, 'bbox': (22, 254, 178, 23, 275, 198)}","{'image': 'B_2_M04_OC_L1_P+_031123_1.tif', 'label': 5, 'volume': 219509.0, 'centroid': (33.83992000328005, 234.90114756114784, 183.1938508216064), 'extent': 0.3503315644575669, 'axis_major': 353.5396402960617, 'bbox': (31, 53, 0, 36, 408, 353)}",,,,,,,
"{'image': 'F_2_M04_OC_L23_P+_231123_1.tif', 'label': 1, 'volume': 160309.0, 'centroid': (9.318085696997674, 195.13157090369225, 184.67757892569975), 'extent': 0.23560993533215754, 'axis_major': 182.6372453178756, 'bbox': (0, 69, 91, 18, 285, 266)}",,,,,,,,,,,
"{'image': 'B_4_M04_OC_L23_P+_131123_1.tif', 'label': 1, 'volume': 266199.0, 'centroid': (8.131976453705686, 215.24290098760702, 209.60148234967073), 'extent': 0.34778706258622855, 'axis_major': 213.65842291431997, 'bbox': (0, 120, 94, 16, 321, 332)}",,,,,,,,,,,
"{'image': 'B_1_M04_OC_L4_P+_021123_2.tif', 'label': 1, 'volume': 762941.0, 'centroid': (15.296361055442032, 211.86061176421242, 217.37662283190969), 'extent': 0.28257074074074073, 'axis_major': 261.1647355212114, 'bbox': (0, 45, 78, 30, 345, 378)}",,,,,,,,,,,
"{'image': 'C_2_M04_OC_L1_P+_161123_1.tif', 'label': 1, 'volume': 20303.0, 'centroid': (0.7511205240604837, 214.030192582377, 34.41732748854849), 'extent': 0.4437232275548562, 'axis_major': 197.2900477014503, 'bbox': (0, 128, 0, 3, 314, 82)}","{'image': 'C_2_M04_OC_L1_P+_161123_1.tif', 'label': 2, 'volume': 1289.0, 'centroid': (0.0, 176.2055857253685, 179.6454615981381), 'extent': 0.5062843676355067, 'axis_major': 72.31883805116006, 'bbox': (0, 138, 163, 1, 205, 201)}","{'image': 'C_2_M04_OC_L1_P+_161123_1.tif', 'label': 3, 'volume': 3295.0, 'centroid': (4.369347496206373, 146.2576631259484, 249.40971168437025), 'extent': 0.2160655737704918, 'axis_major': 53.660228432925535, 'bbox': (3, 119, 222, 8, 180, 272)}","{'image': 'C_2_M04_OC_L1_P+_161123_1.tif', 'label': 4, 'volume': 2877.0, 'centroid': (9.312478275981926, 33.75321515467501, 109.83594021550226), 'extent': 0.15457769181173436, 'axis_major': 66.05942835076377, 'bbox': (8, 0, 90, 14, 66, 137)}","{'image': 'C_2_M04_OC_L1_P+_161123_1.tif', 'label': 5, 'volume': 166.0, 'centroid': (9.0, 153.72289156626505, 275.6927710843373), 'extent': 0.51875, 'axis_major': 22.541892070370707, 'bbox': (9, 146, 268, 10, 166, 284)}","{'image': 'C_2_M04_OC_L1_P+_161123_1.tif', 'label': 6, 'volume': 1700.0, 'centroid': (11.0, 173.03764705882352, 178.22882352941176), 'extent': 0.517503805175038, 'axis_major': 80.36051591622332, 'bbox': (11, 135, 158, 12, 208, 203)}","{'image': 'C_2_M04_OC_L1_P+_161123_1.tif', 'label': 7, 'volume': 319.0, 'centroid': (14.598746081504702, 34.38871473354232, 312.29780564263325), 'extent': 0.48333333333333334, 'axis_major': 33.39697574268654, 'bbox': (14, 19, 307, 16, 49, 318)}","{'image': 'C_2_M04_OC_L1_P+_161123_1.tif', 'label': 8, 'volume': 5156.0, 'centroid': (20.57544608223429, 342.1953064391001, 179.52424359968967), 'extent': 0.1488023088023088, 'axis_major': 67.84695906079062, 'bbox': (16, 310, 142, 25, 365, 212)}","{'image': 'C_2_M04_OC_L1_P+_161123_1.tif', 'label': 9, 'volume': 7791.0, 'centroid': (22.0, 206.8025927352073, 184.97689641894493), 'extent': 0.3974594429139884, 'axis_major': 207.4249055620876, 'bbox': (22, 130, 128, 23, 292, 249)}","{'image': 'C_2_M04_OC_L1_P+_161123_1.tif', 'label': 10, 'volume': 1235.0, 'centroid': (25.989473684210527, 272.5481781376518, 320.4898785425101), 'extent': 0.5145833333333333, 'axis_major': 42.310121449287486, 'bbox': (25, 255, 311, 28, 295, 331)}","{'image': 'C_2_M04_OC_L1_P+_161123_1.tif', 'label': 11, 'volume': 72217.0, 'centroid': (34.14106096902391, 209.3698852070842, 180.47974853566336), 'extent': 0.12664316778900112, 'axis_major': 236.1022832429711, 'bbox': (28, 88, 66, 39, 358, 258)}",
"{'image': 'D_3_M04_OC_L1_P+_221123_1.tif', 'label': 1, 'volume': 224289.0, 'centroid': (13.777706441243218, 206.32344876476333, 233.67153984368383), 'extent': 0.14765724984594966, 'axis_major': 257.0055463701423, 'bbox': (2, 77, 93, 20, 369, 382)}","{'image': 'D_3_M04_OC_L1_P+_221123_1.tif', 'label': 2, 'volume': 8287.0, 'centroid': (25.90382526849282, 227.96017859297694, 94.03439121515626), 'extent': 0.23257184553210597, 'axis_major': 117.6756439644104, 'bbox': (24, 156, 53, 28, 287, 121)}",,,,,,,,,,
"{'image': 'B_1_M04_OC_L23_P+_021123_1.tif', 'label': 1, 'volume': 730079.0, 'centroid': (11.41258411760919, 207.0461498002271, 219.54435067985793), 'extent': 0.2696331723711302, 'axis_major': 282.51162990549375, 'bbox': (0, 62, 14, 25, 339, 405)}",,,,,,,,,,,
"{'image': 'B_2_M04_OC_L1_P+_031123_2.tif', 'label': 1, 'volume': 177529.0, 'centroid': (1.6179497434222014, 218.37814666899493, 195.06485700927735), 'extent': 0.20333646401246164, 'axis_major': 295.35076053157667, 'bbox': (0, 84, 0, 8, 383, 365)}","{'image': 'B_2_M04_OC_L1_P+_031123_2.tif', 'label': 2, 'volume': 97030.0, 'centroid': (15.520241162527054, 219.81790167989283, 196.20142224054416), 'extent': 0.5270218890880451, 'axis_major': 353.19254481782224, 'bbox': (15, 88, 0, 17, 343, 361)}",,,,,,,,,,
"{'image': 'A_4_M04_OC_P+_L1_311023_1.tif', 'label': 1, 'volume': 830706.0, 'centroid': (7.990890880768888, 159.54425873895218, 199.14582295059864), 'extent': 0.3264396525232774, 'axis_major': 348.2320185987663, 'bbox': (0, 0, 7, 19, 334, 408)}",,,,,,,,,,,
"{'image': 'B_1_M04_OC_L4_P+_021123_3.tif', 'label': 1, 'volume': 138373.0, 'centroid': (2.6258301836340903, 166.9670166867814, 188.22696624341455), 'extent': 0.33555707523377176, 'axis_major': 229.92211787695845, 'bbox': (0, 45, 80, 8, 287, 293)}","{'image': 'B_1_M04_OC_L4_P+_021123_3.tif', 'label': 2, 'volume': 47983.0, 'centroid': (11.09818060563116, 51.90479961653085, 371.8019923722985), 'extent': 0.4894127006793007, 'axis_major': 154.43920679385315, 'bbox': (8, 0, 314, 15, 149, 408)}","{'image': 'B_1_M04_OC_L4_P+_021123_3.tif', 'label': 3, 'volume': 673.0, 'centroid': (11.0, 197.9851411589896, 207.25705794947993), 'extent': 0.5341269841269841, 'axis_major': 45.66297643809998, 'bbox': (11, 184, 187, 12, 212, 232)}","{'image': 'B_1_M04_OC_L4_P+_021123_3.tif', 'label': 4, 'volume': 141537.0, 'centroid': (19.62347654676869, 159.14257049393444, 165.57307983071564), 'extent': 0.3177464978448276, 'axis_major': 244.71297294067173, 'bbox': (15, 53, 41, 23, 293, 273)}",,,,,,,,
"{'image': 'B_4_M04_OC_CA1_P+_151123_1.tif', 'label': 1, 'volume': 271378.0, 'centroid': (8.755599201114313, 165.87390650679126, 226.56165201305927), 'extent': 0.29988772637060024, 'axis_major': 209.432222080791, 'bbox': (0, 85, 105, 21, 247, 371)}",,,,,,,,,,,
"{'image': 'B_2_M04_OC_L23_P+_031123_2.tif', 'label': 1, 'volume': 39388.0, 'centroid': (2.213948410683457, 188.05674317050878, 186.72732812023966), 'extent': 0.2911590774689533, 'axis_major': 133.80468585634975, 'bbox': (0, 86, 106, 5, 264, 258)}","{'image': 'B_2_M04_OC_L23_P+_031123_2.tif', 'label': 2, 'volume': 70050.0, 'centroid': (13.753261955745895, 186.8704068522484, 185.65685938615275), 'extent': 0.3198411067735087, 'axis_major': 145.5046332308086, 'bbox': (9, 103, 112, 18, 260, 267)}",,,,,,,,,,
"{'image': 'C_2_M04_OC_DGM_P+_161123_1.tif', 'label': 1, 'volume': 2494.0, 'centroid': (0.0, 201.47032878909383, 168.94466720128307), 'extent': 0.5816231343283582, 'axis_major': 71.66735571379962, 'bbox': (0, 169, 141, 1, 236, 205)}","{'image': 'C_2_M04_OC_DGM_P+_161123_1.tif', 'label': 2, 'volume': 7546.0, 'centroid': (0.5, 252.99125364431487, 252.60217333686722), 'extent': 0.5171326754385965, 'axis_major': 118.2039540446239, 'bbox': (0, 222, 194, 2, 286, 308)}","{'image': 'C_2_M04_OC_DGM_P+_161123_1.tif', 'label': 3, 'volume': 376720.0, 'centroid': (13.035018050541517, 225.68579581652156, 209.0355436398386), 'extent': 0.2035983159578665, 'axis_major': 239.7410041813705, 'bbox': (6, 90, 35, 28, 357, 350)}","{'image': 'C_2_M04_OC_DGM_P+_161123_1.tif', 'label': 4, 'volume': 6583.0, 'centroid': (28.61203098891083, 252.43657906729456, 245.8695123803737), 'extent': 0.3594910441240716, 'axis_major': 104.22657464848422, 'bbox': (28, 203, 191, 30, 287, 300)}",,,,,,,,
"{'image': 'D_3_M04_OC_L4_P+_221123_1.tif', 'label': 1, 'volume': 60531.0, 'centroid': (4.0, 213.24217343179527, 198.9422940311576), 'extent': 0.5821184028312048, 'axis_major': 385.73874911396604, 'bbox': (4, 20, 59, 5, 408, 327)}","{'image': 'D_3_M04_OC_L4_P+_221123_1.tif', 'label': 2, 'volume': 413228.0, 'centroid': (12.631411714598237, 243.10210827920665, 198.35548655947807), 'extent': 0.41364164164164163, 'axis_major': 375.1685738228392, 'bbox': (9, 33, 75, 17, 408, 408)}",,,,,,,,,,
"{'image': 'C_2_M04_OC_L4_P+_161123_1.tif', 'label': 1, 'volume': 613652.0, 'centroid': (11.382770690880173, 185.54159523638805, 195.3885133593633), 'extent': 0.24332884994829304, 'axis_major': 298.03522385570443, 'bbox': (0, 0, 16, 22, 322, 372)}","{'image': 'C_2_M04_OC_L4_P+_161123_1.tif', 'label': 2, 'volume': 306.0, 'centroid': (13.0, 269.2091503267974, 94.2483660130719), 'extent': 0.4473684210526316, 'axis_major': 35.02901773557923, 'bbox': (13, 260, 74, 14, 279, 110)}",,,,,,,,,,
"{'image': 'D_4_M04_OC_CA1_P+_221123_1.tif', 'label': 1, 'volume': 155820.0, 'centroid': (10.282049801052496, 199.58011808496983, 209.8466050571172), 'extent': 0.22450896767946885, 'axis_major': 153.166299092185, 'bbox': (0, 107, 118, 23, 271, 302)}","{'image': 'D_4_M04_OC_CA1_P+_221123_1.tif', 'label': 2, 'volume': 789.0, 'centroid': (11.0, 154.8960709759189, 263.20152091254755), 'extent': 0.44829545454545455, 'axis_major': 63.931008875666656, 'bbox': (11, 126, 245, 12, 181, 277)}","{'image': 'D_4_M04_OC_CA1_P+_221123_1.tif', 'label': 3, 'volume': 43.0, 'centroid': (14.0, 278.3255813953488, 150.2093023255814), 'extent': 0.5512820512820513, 'axis_major': 15.996614113105087, 'bbox': (14, 276, 143, 15, 282, 156)}",,,,,,,,,
"{'image': 'B_2_M04_OC_L23_P+_031123_1.tif', 'label': 1, 'volume': 5390.0, 'centroid': (0.0, 168.06679035250463, 178.4877551020408), 'extent': 0.5978260869565217, 'axis_major': 110.31661807339873, 'bbox': (0, 128, 128, 1, 220, 226)}","{'image': 'B_2_M04_OC_L23_P+_031123_1.tif', 'label': 2, 'volume': 620890.0, 'centroid': (25.53791331797903, 123.180202612379, 177.66639340301825), 'extent': 0.23191975424850664, 'axis_major': 283.7024379336543, 'bbox': (11, 0, 3, 35, 309, 364)}",,,,,,,,,,
"{'image': 'F_2_M04_OC_L4_P+_231123_1.tif', 'label': 1, 'volume': 109007.0, 'centroid': (7.662205179483887, 202.43963231719064, 192.52652581944278), 'extent': 0.3118459522706077, 'axis_major': 119.08659815566563, 'bbox': (0, 136, 117, 17, 274, 266)}",,,,,,,,,,,
"{'image': 'B_1_M04_OC_L1_P+_021123_1.tif', 'label': 1, 'volume': 658882.0, 'centroid': (9.001121596886847, 141.4107214948959, 253.44009245965134), 'extent': 0.2356152411358474, 'axis_major': 301.04785437916416, 'bbox': (0, 0, 0, 23, 298, 408)}",,,,,,,,,,,
"{'image': 'D_3_M04_OC_L23_P+_221123_1.tif', 'label': 1, 'volume': 399553.0, 'centroid': (4.145374956513904, 204.56537180298983, 164.43508620883838), 'extent': 0.37814686241255036, 'axis_major': 378.0058158641226, 'bbox': (0, 29, 0, 8, 385, 371)}","{'image': 'D_3_M04_OC_L23_P+_221123_1.tif', 'label': 2, 'volume': 255041.0, 'centroid': (15.899078971616328, 206.8285883446191, 208.42922510498312), 'extent': 0.36668478229614165, 'axis_major': 327.88881928856813, 'bbox': (14, 53, 19, 20, 351, 408)}","{'image': 'D_3_M04_OC_L23_P+_221123_1.tif', 'label': 3, 'volume': 11749.0, 'centroid': (20.0, 54.8605838794791, 266.15728998212614), 'extent': 0.3102291930713984, 'axis_major': 272.0653705561753, 'bbox': (20, 0, 137, 21, 144, 400)}","{'image': 'D_3_M04_OC_L23_P+_221123_1.tif', 'label': 4, 'volume': 5315.0, 'centroid': (23.0, 132.42878645343367, 105.87770460959548), 'extent': 0.4783978397839784, 'axis_major': 106.52374251844834, 'bbox': (23, 82, 59, 24, 192, 160)}","{'image': 'D_3_M04_OC_L23_P+_221123_1.tif', 'label': 5, 'volume': 1634.0, 'centroid': (24.0, 144.4951040391677, 317.5703794369645), 'extent': 0.534860883797054, 'axis_major': 68.67243943286368, 'bbox': (24, 109, 295, 25, 174, 342)}","{'image': 'D_3_M04_OC_L23_P+_221123_1.tif', 'label': 6, 'volume': 2916.0, 'centroid': (26.04423868312757, 15.567901234567902, 218.30041152263374), 'extent': 0.5192307692307693, 'axis_major': 48.06135523567013, 'bbox': (25, 0, 196, 28, 39, 244)}","{'image': 'D_3_M04_OC_L23_P+_221123_1.tif', 'label': 7, 'volume': 2292.0, 'centroid': (27.0, 264.47774869109946, 155.00349040139616), 'extent': 0.4488836662749706, 'axis_major': 88.01858352880492, 'bbox': (27, 227, 119, 28, 296, 193)}",,,,,
"{'image': 'F_3_M04_OC_L1_P+_231123_1.tif', 'label': 1, 'volume': 606877.0, 'centroid': (17.635707070790293, 247.44770521868517, 173.13068051680983), 'extent': 0.22845499992471127, 'axis_major': 280.3530357698428, 'bbox': (0, 70, 69, 36, 384, 304)}",,,,,,,,,,,
"{'image': 'A_4_M04_OC_P+_DGG_011123_1.tif', 'label': 1, 'volume': 14878.0, 'centroid': (0.5, 167.51633284043555, 184.91437021104989), 'extent': 0.5989533011272141, 'axis_major': 122.00314291817156, 'bbox': (0, 113, 127, 2, 221, 242)}","{'image': 'A_4_M04_OC_P+_DGG_011123_1.tif', 'label': 2, 'volume': 25082.0, 'centroid': (2.4781516625468463, 347.2658081492704, 263.63495733992505), 'extent': 0.530230001691189, 'axis_major': 179.4792012539395, 'bbox': (2, 262, 175, 4, 408, 337)}","{'image': 'A_4_M04_OC_P+_DGG_011123_1.tif', 'label': 3, 'volume': 91658.0, 'centroid': (11.996268738135242, 169.89945231185493, 181.14227890636934), 'extent': 0.32745291377290003, 'axis_major': 181.8815673711731, 'bbox': (10, 57, 71, 16, 275, 285)}",,,,,,,,,
"{'image': 'C_2_M04_OC_L4_P+_161123_2.tif', 'label': 1, 'volume': 151534.0, 'centroid': (14.370240342101443, 141.4697361648211, 206.7029445536975), 'extent': 0.13223439068022166, 'axis_major': 180.10936898008532, 'bbox': (0, 24, 99, 26, 229, 314)}","{'image': 'C_2_M04_OC_L4_P+_161123_2.tif', 'label': 2, 'volume': 953.0, 'centroid': (27.326337880377753, 48.891920251836304, 371.21511017838407), 'extent': 0.30253968253968255, 'axis_major': 46.29281832856827, 'bbox': (27, 32, 358, 29, 77, 393)}","{'image': 'C_2_M04_OC_L4_P+_161123_2.tif', 'label': 3, 'volume': 5286.0, 'centroid': (31.0, 179.75633749527051, 186.30628074158153), 'extent': 0.3514627659574468, 'axis_major': 66.4261325254157, 'bbox': (29, 157, 148, 33, 204, 228)}",,,,,,,,,
"{'image': 'B_2_M04_OC_CA1_P+_031123_1.tif', 'label': 1, 'volume': 1551411.0, 'centroid': (12.384112913986042, 145.8481724056359, 241.00172294769084), 'extent': 0.40035999628390934, 'axis_major': 396.75785996966175, 'bbox': (0, 0, 3, 26, 368, 408)}",,,,,,,,,,,
"{'image': 'D_4_M04_OC_L23_P+_221123_1.tif', 'label': 1, 'volume': 249845.0, 'centroid': (8.413992675458784, 229.61286797814645, 218.61260781684643), 'extent': 0.2664348311994659, 'axis_major': 248.53078569421504, 'bbox': (0, 93, 73, 14, 342, 342)}",,,,,,,,,,,
"{'image': 'D_3_M04_OC_CA1_P+_221123_1.tif', 'label': 1, 'volume': 153293.0, 'centroid': (8.516638072188554, 206.12966671667982, 196.15021560019048), 'extent': 0.336589596644929, 'axis_major': 140.79980688877845, 'bbox': (0, 136, 101, 19, 277, 271)}","{'image': 'D_3_M04_OC_CA1_P+_221123_1.tif', 'label': 2, 'volume': 4664.0, 'centroid': (0.0, 320.3209691252144, 92.72555746140652), 'extent': 0.5068463377526624, 'axis_major': 101.12807618986506, 'bbox': (0, 276, 42, 1, 362, 149)}","{'image': 'D_3_M04_OC_CA1_P+_221123_1.tif', 'label': 3, 'volume': 7627.0, 'centroid': (10.613478431886719, 321.1515668021502, 95.25645732266946), 'extent': 0.32161079485557664, 'axis_major': 80.01361469361066, 'bbox': (10, 275, 45, 13, 360, 138)}",,,,,,,,,
"{'image': 'D_4_M04_OC_L4_P+_221123_1.tif', 'label': 1, 'volume': 81062.0, 'centroid': (7.583355949766845, 191.42733956724481, 216.30857861883496), 'extent': 0.24082018252685616, 'axis_major': 125.82141402115813, 'bbox': (0, 129, 138, 16, 263, 295)}","{'image': 'D_4_M04_OC_L4_P+_221123_1.tif', 'label': 2, 'volume': 1279.0, 'centroid': (0.0, 387.58405003909303, 322.54026583268177), 'extent': 0.5118047218887555, 'axis_major': 60.98032410779899, 'bbox': (0, 357, 298, 1, 408, 347)}","{'image': 'D_4_M04_OC_L4_P+_221123_1.tif', 'label': 3, 'volume': 538.0, 'centroid': (7.0, 395.76765799256503, 328.09479553903344), 'extent': 0.48035714285714287, 'axis_major': 37.31292467230508, 'bbox': (7, 376, 309, 8, 408, 344)}",,,,,,,,,
"{'image': 'B_2_M04_OC_CA1_P+_031123_2.tif', 'label': 1, 'volume': 3869.0, 'centroid': (0.0, 201.5213233393642, 223.12587231842855), 'extent': 0.5061486132914704, 'axis_major': 86.40803193791204, 'bbox': (0, 163, 178, 1, 247, 269)}","{'image': 'B_2_M04_OC_CA1_P+_031123_2.tif', 'label': 2, 'volume': 701606.0, 'centroid': (18.553187971596593, 195.6011864208687, 285.3449500146806), 'extent': 0.41720541363398506, 'axis_major': 393.69268293786826, 'bbox': (11, 0, 100, 25, 390, 408)}","{'image': 'B_2_M04_OC_CA1_P+_031123_2.tif', 'label': 3, 'volume': 163375.0, 'centroid': (39.68753481254782, 200.2301025248661, 244.74799693955623), 'extent': 0.21130813803093798, 'axis_major': 393.2478267418742, 'bbox': (39, 19, 0, 44, 398, 408)}",,,,,,,,,
"{'image': 'F_1_M04_OC_L23_P+_231123_1.tif', 'label': 1, 'volume': 31220.0, 'centroid': (1.9828635490070468, 201.54516335682254, 198.1027866752082), 'extent': 0.28266695639576994, 'axis_major': 124.94228677840216, 'bbox': (0, 145, 137, 8, 263, 254)}","{'image': 'F_1_M04_OC_L23_P+_231123_1.tif', 'label': 2, 'volume': 45.0, 'centroid': (8.0, 156.7111111111111, 404.7111111111111), 'extent': 0.6818181818181818, 'axis_major': 13.592350334498656, 'bbox': (8, 151, 402, 9, 162, 408)}","{'image': 'F_1_M04_OC_L23_P+_231123_1.tif', 'label': 3, 'volume': 75856.0, 'centroid': (13.389487977219996, 201.5129060324826, 202.37177019616115), 'extent': 0.4491577108683424, 'axis_major': 128.25977876679562, 'bbox': (9, 132, 139, 18, 271, 274)}",,,,,,,,,
"{'image': 'B_3_M04_OC_L4_P+_131123_1.tif', 'label': 1, 'volume': 103987.0, 'centroid': (11.030686528123708, 210.93675170934827, 200.7511131199092), 'extent': 0.20922264071981586, 'axis_major': 141.75761608016882, 'bbox': (0, 131, 109, 18, 287, 286)}",,,,,,,,,,,
"{'image': 'B_1_M04_OC_DGM_P+_021123_1.tif', 'label': 1, 'volume': 225163.0, 'centroid': (14.058593108103906, 170.9650342196542, 218.88030893175167), 'extent': 0.21578415738348425, 'axis_major': 178.53355908700073, 'bbox': (3, 39, 128, 26, 251, 342)}","{'image': 'B_1_M04_OC_DGM_P+_021123_1.tif', 'label': 2, 'volume': 689.0, 'centroid': (26.0, 398.8243831640058, 264.6008708272859), 'extent': 0.45689655172413796, 'axis_major': 51.08634391190727, 'bbox': (26, 379, 241, 27, 408, 293)}","{'image': 'B_1_M04_OC_DGM_P+_021123_1.tif', 'label': 3, 'volume': 1652.0, 'centroid': (27.559322033898304, 396.34927360774816, 137.4049636803874), 'extent': 0.5398692810457516, 'axis_major': 48.209626594929325, 'bbox': (27, 378, 109, 29, 408, 160)}","{'image': 'B_1_M04_OC_DGM_P+_021123_1.tif', 'label': 4, 'volume': 13267.0, 'centroid': (30.64837566895304, 181.70596216175474, 211.22265772216778), 'extent': 0.42359514687100897, 'axis_major': 89.96153129875894, 'bbox': (29, 140, 176, 33, 227, 266)}",,,,,,,,
"{'image': 'D_3_M04_OC_DGG_P+_221123_1.tif', 'label': 1, 'volume': 719036.0, 'centroid': (10.615478223621627, 202.53756835540918, 216.4780191812371), 'extent': 0.31801680672268906, 'axis_major': 293.54280292900455, 'bbox': (0, 21, 90, 25, 361, 356)}",,,,,,,,,,,
"{'image': 'B_2_M04_OC_DGG_P+_031123_1.tif', 'label': 1, 'volume': 384085.0, 'centroid': (4.581439004387049, 206.99499329575485, 230.90800473853443), 'extent': 0.3823110766045549, 'axis_major': 259.7715299490115, 'bbox': (0, 57, 102, 12, 337, 401)}","{'image': 'B_2_M04_OC_DGG_P+_031123_1.tif', 'label': 2, 'volume': 231092.0, 'centroid': (19.50164869402662, 212.52521939314212, 227.98412320634208), 'extent': 0.3152317736254682, 'axis_major': 238.76165186377924, 'bbox': (15, 41, 103, 24, 334, 381)}",,,,,,,,,,
"{'image': 'F_1_M04_OC_L23_P+_231123_2.tif', 'label': 1, 'volume': 112348.0, 'centroid': (10.708735357994803, 214.9499234521309, 208.6102645351942), 'extent': 0.20836478488989946, 'axis_major': 144.27873576805402, 'bbox': (0, 138, 128, 17, 299, 325)}","{'image': 'F_1_M04_OC_L23_P+_231123_2.tif', 'label': 2, 'volume': 130.0, 'centroid': (6.0, 326.7692307692308, 287.0846153846154), 'extent': 0.47794117647058826, 'axis_major': 16.674784352171898, 'bbox': (6, 320, 280, 7, 337, 296)}",,,,,,,,,,
"{'image': 'F_2_M04_OC_DGM_P+_231123_1.tif', 'label': 1, 'volume': 23611.0, 'centroid': (2.1442124433526746, 179.99834822752106, 227.4173901994833), 'extent': 0.1814221170395869, 'axis_major': 202.2873786174169, 'bbox': (0, 109, 176, 7, 275, 288)}","{'image': 'F_2_M04_OC_DGM_P+_231123_1.tif', 'label': 2, 'volume': 86174.0, 'centroid': (12.635249611251654, 202.3158957458166, 215.1981224035092), 'extent': 0.44140184809556005, 'axis_major': 184.85898740779578, 'bbox': (8, 98, 159, 17, 285, 275)}",,,,,,,,,,
"{'image': 'B_4_M04_OC_DGM_P+_131123_1.tif', 'label': 1, 'volume': 1310346.0, 'centroid': (13.72545419301467, 211.7676178658156, 171.8512576067695), 'extent': 0.35527195529635686, 'axis_major': 328.79131173070436, 'bbox': (0, 48, 0, 30, 369, 383)}",,,,,,,,,,,
"{'image': 'F_1_M04_OC_L1_P+_231123_1.tif', 'label': 1, 'volume': 951.0, 'centroid': (1.159831756046267, 74.86750788643533, 29.3459516298633), 'extent': 0.3178475935828877, 'axis_major': 40.84031055890826, 'bbox': (0, 63, 13, 4, 85, 47)}","{'image': 'F_1_M04_OC_L1_P+_231123_1.tif', 'label': 2, 'volume': 576.0, 'centroid': (0.0, 207.04861111111111, 145.36979166666666), 'extent': 0.582995951417004, 'axis_major': 42.073925191888016, 'bbox': (0, 195, 124, 1, 221, 162)}","{'image': 'F_1_M04_OC_L1_P+_231123_1.tif', 'label': 3, 'volume': 64.0, 'centroid': (4.0, 66.71875, 55.625), 'extent': 0.64, 'axis_major': 10.646577656681536, 'bbox': (4, 62, 51, 5, 72, 61)}","{'image': 'F_1_M04_OC_L1_P+_231123_1.tif', 'label': 4, 'volume': 3994.0, 'centroid': (9.918878317476214, 26.547571357035554, 42.98748122183275), 'extent': 0.18113378684807258, 'axis_major': 59.18325910825067, 'bbox': (5, 8, 19, 15, 53, 68)}","{'image': 'F_1_M04_OC_L1_P+_231123_1.tif', 'label': 5, 'volume': 592.0, 'centroid': (11.0, 206.48648648648648, 145.4358108108108), 'extent': 0.6577777777777778, 'axis_major': 41.61635852365668, 'bbox': (11, 195, 126, 12, 220, 162)}","{'image': 'F_1_M04_OC_L1_P+_231123_1.tif', 'label': 6, 'volume': 1124.0, 'centroid': (17.094306049822062, 27.373665480427047, 91.05160142348754), 'extent': 0.3345238095238095, 'axis_major': 29.88601316058776, 'bbox': (15, 15, 73, 20, 36, 105)}","{'image': 'F_1_M04_OC_L1_P+_231123_1.tif', 'label': 7, 'volume': 563.0, 'centroid': (20.0, 206.80461811722913, 148.2753108348135), 'extent': 0.7181122448979592, 'axis_major': 34.39365826892127, 'bbox': (20, 193, 134, 21, 221, 162)}","{'image': 'F_1_M04_OC_L1_P+_231123_1.tif', 'label': 8, 'volume': 1397.0, 'centroid': (21.28990694345025, 188.70866141732284, 115.24051539012169), 'extent': 0.2545553935860058, 'axis_major': 53.18101426751016, 'bbox': (21, 172, 94, 23, 221, 150)}","{'image': 'F_1_M04_OC_L1_P+_231123_1.tif', 'label': 9, 'volume': 2865.0, 'centroid': (25.5413612565445, 95.65479930191972, 26.058289703315882), 'extent': 0.23580246913580247, 'axis_major': 50.163834991205775, 'bbox': (23, 73, 6, 28, 118, 60)}",,,
"{'image': 'B_3_M04_OC_DGM_P+_131123_1.tif', 'label': 1, 'volume': 43465.0, 'centroid': (1.4562981709421374, 229.22450247325435, 202.18028298631083), 'extent': 0.09551403758592197, 'axis_major': 367.71799714944683, 'bbox': (0, 93, 79, 6, 376, 347)}","{'image': 'B_3_M04_OC_DGM_P+_131123_1.tif', 'label': 2, 'volume': 11690.0, 'centroid': (8.517365269461077, 286.53028229255773, 55.14721984602224), 'extent': 0.17450365726227796, 'axis_major': 87.72182856087039, 'bbox': (6, 237, 12, 13, 324, 122)}","{'image': 'B_3_M04_OC_DGM_P+_131123_1.tif', 'label': 3, 'volume': 425.0, 'centroid': (11.0, 217.46117647058824, 204.12941176470588), 'extent': 0.6054131054131054, 'axis_major': 30.675713718035517, 'bbox': (11, 205, 192, 12, 231, 219)}","{'image': 'B_3_M04_OC_DGM_P+_131123_1.tif', 'label': 4, 'volume': 2499.0, 'centroid': (14.303721488595437, 103.18567426970789, 159.79751900760303), 'extent': 0.17734724292101342, 'axis_major': 73.89403513481845, 'bbox': (13, 72, 126, 16, 133, 203)}","{'image': 'B_3_M04_OC_DGM_P+_131123_1.tif', 'label': 5, 'volume': 4181.0, 'centroid': (18.161683807701507, 24.993542214781154, 393.70939966515186), 'extent': 0.34158496732026145, 'axis_major': 54.39846510227249, 'bbox': (16, 0, 360, 21, 51, 408)}","{'image': 'B_3_M04_OC_DGM_P+_131123_1.tif', 'label': 6, 'volume': 756.0, 'centroid': (21.0, 103.52513227513228, 304.14814814814815), 'extent': 0.27155172413793105, 'axis_major': 78.62689581059406, 'bbox': (21, 86, 274, 22, 134, 332)}","{'image': 'B_3_M04_OC_DGM_P+_131123_1.tif', 'label': 7, 'volume': 4255.0, 'centroid': (22.0, 211.4117508813161, 241.0578143360752), 'extent': 0.3398833772665548, 'axis_major': 135.64174381673146, 'bbox': (22, 152, 187, 23, 269, 294)}","{'image': 'B_3_M04_OC_DGM_P+_131123_1.tif', 'label': 8, 'volume': 563.0, 'centroid': (23.0, 147.49200710479573, 129.20959147424512), 'extent': 0.32923976608187133, 'axis_major': 48.69702754654723, 'bbox': (23, 126, 112, 24, 171, 150)}","{'image': 'B_3_M04_OC_DGM_P+_131123_1.tif', 'label': 9, 'volume': 3207.0, 'centroid': (24.88182101652635, 109.10944808231993, 226.53289678827565), 'extent': 0.26200980392156864, 'axis_major': 78.81850691102552, 'bbox': (24, 76, 198, 27, 144, 258)}","{'image': 'B_3_M04_OC_DGM_P+_131123_1.tif', 'label': 10, 'volume': 242745.0, 'centroid': (36.22508393581742, 222.19689385981172, 206.25221528764754), 'extent': 0.19739458180354463, 'axis_major': 287.85650999351077, 'bbox': (27, 62, 84, 42, 381, 341)}",,
"{'image': 'A_4_M04_OC_P+_DGM_011123_1.tif', 'label': 1, 'volume': 852116.0, 'centroid': (14.022512193175578, 193.0259049237428, 196.3964636270179), 'extent': 0.295642640298378, 'axis_major': 340.6967342810833, 'bbox': (4, 3, 0, 25, 378, 366)}",,,,,,,,,,,
"{'image': 'C_1_M04_OC_DGM_P+_151123_1.tif', 'label': 1, 'volume': 82514.0, 'centroid': (2.9709988607993796, 215.49232857454493, 222.33018639261218), 'extent': 0.3467178741606649, 'axis_major': 208.96985677669505, 'bbox': (0, 111, 128, 7, 289, 319)}","{'image': 'C_1_M04_OC_DGM_P+_151123_1.tif', 'label': 2, 'volume': 46005.0, 'centroid': (13.151679165308119, 175.3051624823389, 374.7530485816759), 'extent': 0.438247201714694, 'axis_major': 87.53224674905182, 'bbox': (7, 127, 323, 20, 222, 408)}","{'image': 'C_1_M04_OC_DGM_P+_151123_1.tif', 'label': 3, 'volume': 4509.0, 'centroid': (11.0, 215.30294965624307, 246.2554890219561), 'extent': 0.5060606060606061, 'axis_major': 118.71764237617893, 'bbox': (11, 158, 204, 12, 268, 285)}","{'image': 'C_1_M04_OC_DGM_P+_151123_1.tif', 'label': 4, 'volume': 10950.0, 'centroid': (21.41351598173516, 144.40063926940638, 80.63369863013699), 'extent': 0.4387019230769231, 'axis_major': 93.95314201512271, 'bbox': (20, 96, 50, 24, 192, 115)}","{'image': 'C_1_M04_OC_DGM_P+_151123_1.tif', 'label': 5, 'volume': 205085.0, 'centroid': (35.42183484896506, 179.58069093302777, 219.5679059901992), 'extent': 0.1658845016468335, 'axis_major': 219.0291302342334, 'bbox': (22, 52, 96, 46, 283, 319)}",,,,,,,
"{'image': 'C_1_M04_OC_L4_P+_151123_1.tif', 'label': 1, 'volume': 134301.0, 'centroid': (9.851758363675625, 195.82039597620272, 202.56332417480138), 'extent': 0.2355166245791246, 'axis_major': 129.80283900074744, 'bbox': (0, 114, 118, 22, 276, 278)}","{'image': 'C_1_M04_OC_L4_P+_151123_1.tif', 'label': 2, 'volume': 122.0, 'centroid': (18.0, 284.6475409836066, 211.48360655737704), 'extent': 0.32105263157894737, 'axis_major': 32.41696757129636, 'bbox': (18, 276, 202, 19, 296, 221)}","{'image': 'C_1_M04_OC_L4_P+_151123_1.tif', 'label': 3, 'volume': 141.0, 'centroid': (22.0, 380.87943262411346, 302.1063829787234), 'extent': 0.4577922077922078, 'axis_major': 23.255076279207127, 'bbox': (22, 371, 295, 23, 393, 309)}","{'image': 'C_1_M04_OC_L4_P+_151123_1.tif', 'label': 4, 'volume': 134.0, 'centroid': (23.0, 72.31343283582089, 209.61940298507463), 'extent': 0.3850574712643678, 'axis_major': 31.267649926935633, 'bbox': (23, 58, 204, 24, 87, 216)}","{'image': 'C_1_M04_OC_L4_P+_151123_1.tif', 'label': 5, 'volume': 3034.0, 'centroid': (24.620962425840474, 188.32432432432432, 198.64502307185234), 'extent': 0.3918884009299923, 'axis_major': 97.8570433936665, 'bbox': (24, 167, 155, 26, 216, 234)}",,,,,,,
"{'image': 'F_1_M04_OC_CA1_P+_231123_1.tif', 'label': 1, 'volume': 311841.0, 'centroid': (14.555350322760638, 233.4937227625617, 182.9046020247498), 'extent': 0.2422634280040833, 'axis_major': 163.55813276962905, 'bbox': (0, 131, 82, 33, 328, 280)}",,,,,,,,,,,
"{'image': 'B_4_M04_OC_L4_P+_131123_1.tif', 'label': 1, 'volume': 761929.0, 'centroid': (16.743329102842917, 152.8722689384444, 188.40236819966165), 'extent': 0.21873285607615828, 'axis_major': 310.8340113545686, 'bbox': (0, 14, 3, 31, 327, 362)}",,,,,,,,,,,
